<?xml version="1.0" encoding="UTF-8"?><MD_Metadata xmlns:gts="http://www.isotc211.org/2005/gts" xmlns:gco="http://www.isotc211.org/2005/gco" xmlns:xalan="http://xml.apache.org/xalan" xmlns:srv="http://www.isotc211.org/2005/srv" xmlns:gmx="http://www.isotc211.org/2005/gmx" xmlns:xlink="http://www.w3.org/1999/xlink" xmlns:xsi="http://www.w3.org/2001/XMLSchema-instance" xmlns:gml="http://www.opengis.net/gml" xmlns="http://www.isotc211.org/2005/gmd">
    <language>
        <LanguageCode codeList="http://www.loc.gov/standards/iso639-2/php/code_list.php" codeListValue="eng" codeSpace="ISO639-2">eng</LanguageCode>
    </language>
    <characterSet>
        <MD_CharacterSetCode codeList="http://www.isotc211.org/2005/resources/Codelist/gmxCodelists.xml#MD_CharacterSetCode" codeListValue="utf8" codeSpace="ISOTC211/19115">utf8</MD_CharacterSetCode>
    </characterSet>
    <hierarchyLevel>
        <MD_ScopeCode codeList="http://www.isotc211.org/2005/resources/Codelist/gmxCodelists.xml#MD_ScopeCode" codeListValue="dataset" codeSpace="ISOTC211/19115">dataset</MD_ScopeCode>
    </hierarchyLevel>
    <hierarchyLevelName>
        <gco:CharacterString>dataset</gco:CharacterString>
    </hierarchyLevelName>
    <contact gco:nilReason="missing"/>
    <dateStamp>
        <gco:Date>2023-02-20</gco:Date>
    </dateStamp>
    <metadataStandardName>
        <gco:CharacterString>ISO 19139 Geographic Information - Metadata - Implementation Specification</gco:CharacterString>
    </metadataStandardName>
    <metadataStandardVersion>
        <gco:CharacterString>2007</gco:CharacterString>
    </metadataStandardVersion>
    <spatialRepresentationInfo>
        <MD_VectorSpatialRepresentation>
            <topologyLevel>
                <MD_TopologyLevelCode codeList="http://www.isotc211.org/2005/resources/Codelist/gmxCodelists.xml#MD_TopologyLevelCode" codeListValue="geometryOnly" codeSpace="ISOTC211/19115">geometryOnly</MD_TopologyLevelCode>
            </topologyLevel>
            <geometricObjects>
                <MD_GeometricObjects>
                    <geometricObjectType>
                        <MD_GeometricObjectTypeCode codeList="http://www.isotc211.org/2005/resources/Codelist/gmxCodelists.xml#MD_GeometricObjectTypeCode" codeListValue="composite" codeSpace="ISOTC211/19115">composite</MD_GeometricObjectTypeCode>
                    </geometricObjectType>
                </MD_GeometricObjects>
            </geometricObjects>
        </MD_VectorSpatialRepresentation>
    </spatialRepresentationInfo>
    <referenceSystemInfo>
        <MD_ReferenceSystem>
            <referenceSystemIdentifier>
                <RS_Identifier>
                    <code>
                        <gco:CharacterString>28992</gco:CharacterString>
                    </code>
                    <codeSpace>
                        <gco:CharacterString>EPSG</gco:CharacterString>
                    </codeSpace>
                    <version>
                        <gco:CharacterString>4.5(8.0.1)</gco:CharacterString>
                    </version>
                </RS_Identifier>
            </referenceSystemIdentifier>
        </MD_ReferenceSystem>
    </referenceSystemInfo>
    <identificationInfo>
        <MD_DataIdentification>
            <citation>
                <CI_Citation>
                    <title>
                        <gco:CharacterString>PC4</gco:CharacterString>
                    </title>
                    <date gco:nilReason="missing"/>
                    <presentationForm>
                        <CI_PresentationFormCode codeList="http://www.isotc211.org/2005/resources/Codelist/gmxCodelists.xml#CI_PresentationFormCode" codeListValue="mapDigital" codeSpace="ISOTC211/19115">mapDigital</CI_PresentationFormCode>
                    </presentationForm>
                </CI_Citation>
            </citation>
            <abstract>
                <gco:CharacterString>
  
    Actualiteit: januari 2023
  
  
    Zoomniveau: alle
    
    De postcodevlakken worden door Esri Nederland automatisch gegenereerd op basis van open data-bronnen. Adreslocaties uit de BAG zijn de belangrijkste bron voor de postcodevlakken. Daarnaast worden de TOP10NL en de NWB gebruikt om de vlakken meer logische grenzen te laten te volgen.
  
  
    
    Uitgebreidere informatie en uitleg over de keuzes die gemaakt zijn bij dit proces zijn te vinden in de download van de postcodevlakken. Deze is te vinden in de ArcGIS Online groep Datasets - Esri Nederland. 
  
  
    
  
  
    
      Deze kaartlaag is onderdeel van de Esri Nederland groepen Ruimte en Grenzen.
    
    
      
    
    Deze kaartlaag wordt aangeboden vanuit Esri Nederland Content. Esri Nederland Content biedt landsdekkende data en services aan die gebruikt kunnen worden in het ArcGIS platform. Het content-team actualiseert het aanbod en voegt geregeld nieuwe content toe. Door content van Esri Nederland te combineren met andere gegevens creëert u snel en eenvoudig nieuwe informatieproducten. Meer informatie over het content aanbod is te vinden via: esri.nl/content. Heeft u vragen of opmerkingen dan horen wij dat graag via content@esri.nl. Blijf op de hoogte van het laatste content-nieuws via de Esri Nederland Content Hub.
  
</gco:CharacterString>
            </abstract>
            <purpose>
                <gco:CharacterString>Deze kaartlaag geeft de vier-positie postcodevlakken weer (PC4), gegenereerd door Esri Nederland</gco:CharacterString>
            </purpose>
            <credit>
                <gco:CharacterString>Esri Nederland</gco:CharacterString>
            </credit>
            <descriptiveKeywords>
                <MD_Keywords>
                    <keyword>
                        <gco:CharacterString>Postcodevlakken</gco:CharacterString>
                    </keyword>
                    <keyword>
                        <gco:CharacterString>Postcodegebieden</gco:CharacterString>
                    </keyword>
                    <keyword>
                        <gco:CharacterString>gebieden</gco:CharacterString>
                    </keyword>
                    <keyword>
                        <gco:CharacterString>vlakken</gco:CharacterString>
                    </keyword>
                    <keyword>
                        <gco:CharacterString>Nederland</gco:CharacterString>
                    </keyword>
                    <keyword>
                        <gco:CharacterString>grenzen</gco:CharacterString>
                    </keyword>
                    <keyword>
                        <gco:CharacterString>postcodegrenzen</gco:CharacterString>
                    </keyword>
                    <keyword>
                        <gco:CharacterString>Postcode</gco:CharacterString>
                    </keyword>
                    <keyword>
                        <gco:CharacterString>boundaries</gco:CharacterString>
                    </keyword>
                    <keyword>
                        <gco:CharacterString>ppc</gco:CharacterString>
                    </keyword>
                    <keyword>
                        <gco:CharacterString>postcodegebied</gco:CharacterString>
                    </keyword>
                    <keyword>
                        <gco:CharacterString>postcodevlak</gco:CharacterString>
                    </keyword>
                    <keyword>
                        <gco:CharacterString>postcodevlakken</gco:CharacterString>
                    </keyword>
                    <keyword>
                        <gco:CharacterString>pc3 vlakken</gco:CharacterString>
                    </keyword>
                    <keyword>
                        <gco:CharacterString>Esri</gco:CharacterString>
                    </keyword>
                    <keyword>
                        <gco:CharacterString>Content</gco:CharacterString>
                    </keyword>
                    <keyword>
                        <gco:CharacterString>Holland</gco:CharacterString>
                    </keyword>
                    <keyword>
                        <gco:CharacterString>Netherlands</gco:CharacterString>
                    </keyword>
                    <keyword>
                        <gco:CharacterString>RD</gco:CharacterString>
                    </keyword>
                    <keyword>
                        <gco:CharacterString>Rijksdriehoeksstelsel</gco:CharacterString>
                    </keyword>
                    <keyword>
                        <gco:CharacterString>pc4</gco:CharacterString>
                    </keyword>
                    <keyword>
                        <gco:CharacterString>ppc4</gco:CharacterString>
                    </keyword>
                    <keyword>
                        <gco:CharacterString>Postcodekaart</gco:CharacterString>
                    </keyword>
                </MD_Keywords>
            </descriptiveKeywords>
            <resourceConstraints>
                <MD_Constraints>
                    <useLimitation>
                        <gco:CharacterString>Op het gebruik van deze data en services zijn van toepassing de Esri Nederland Terms of Use. U dient hiervan voor gebruik van de data en services kennis te nemen. Zodra u de data of services gebruikt of downloadt stemt u in met deze Terms of Use. </gco:CharacterString>
                    </useLimitation>
                </MD_Constraints>
            </resourceConstraints>
            <spatialRepresentationType>
                <MD_SpatialRepresentationTypeCode codeList="http://www.isotc211.org/2005/resources/Codelist/gmxCodelists.xml#MD_SpatialRepresentationTypeCode" codeListValue="vector" codeSpace="ISOTC211/19115">vector</MD_SpatialRepresentationTypeCode>
            </spatialRepresentationType>
            <language>
                <LanguageCode codeList="http://www.loc.gov/standards/iso639-2/php/code_list.php" codeListValue="eng" codeSpace="ISO639-2">eng</LanguageCode>
            </language>
            <characterSet>
                <MD_CharacterSetCode codeList="http://www.isotc211.org/2005/resources/Codelist/gmxCodelists.xml#MD_CharacterSetCode" codeListValue="utf8" codeSpace="ISOTC211/19115">utf8</MD_CharacterSetCode>
            </characterSet>
            <environmentDescription>
                <gco:CharacterString>Esri ArcGIS 13.0.0.36056</gco:CharacterString>
            </environmentDescription>
        </MD_DataIdentification>
    </identificationInfo>
    <distributionInfo>
        <MD_Distribution>
            <distributionFormat>
                <MD_Format>
                    <name>
                        <gco:CharacterString>File Geodatabase Feature Class</gco:CharacterString>
                    </name>
                    <version gco:nilReason="missing"/>
                </MD_Format>
            </distributionFormat>
        </MD_Distribution>
    </distributionInfo>
</MD_Metadata>
